{"Mapa": {"Height": 150, "Width": 300}, "Cosechadores": 2, "Recolectores": 2, "Despacho": {"y_max": 54.856523261355505, "x_min": 288.2286638021469, "y_min": 44.55135165243064, "x_max": 291.16099298000336}}